{
  "COST_INFEASIBILITY_EL": 33941.38211109092,
  "COST_INFEASIBILITY_H": 0.0,
  "Objective Value": 125181.69946981141,
  "COST_H": 0,
  "COST_EX": 0.0,
  "COST_G": 91240.3173587205,
  "COST_CURT": 0.0,
  "COST_REDISPATCH": 0.0,
  "Solve Status": "OPTIMAL"
}
